ID,Name,Year,Authors,DOI,Framing of Cognition-Awareness (copy lines here),AR/VR,Device Type,Device,Application,Cognitive State,Adaption/ Objective (Textual),Input (Metric),Stimulus ,Feature (Metric),Blackbox (Textual),Output (Metric),Output (Metric)  (Textual),Eval Method,"Sample (N Textual, if applicable)",Eval Outcomes,Performance (Textual),System Maturity,Open Source?
1,Attention engagement and cognitive state analysis for augmented reality text display functions,2015,"Toyama, Takumi; Sonntag, Daniel; Orlosky, Jason; Kiyokawa, Kiyoshi",https://doi.org/10.1145/2678025.2701384,The proposed system can automatically judge whether a user is engaged with virtual content in the display or focused on the real environment and can determine his or her cognitive state.,AR,HMD,Brother AirScouter,Misc,Attention,System usability,Eye-tracking (Gaze),Using HMD to simultaneously look at virtual screen and (phyiscal) reality,Gaze Depth (via point of convergence) and Vestibo-Ocular Reflex ,gaze depth-based method: Vestibulo-Ocular Reflex Based Approach,"Guidance/ Notification, FoV/ Rendering",adaptive brightness (Automatic dim enables the system to control the brightness of the screen) scrolling (scroll text automatically when the user is reading something in the display) selection (gaze-selectable icons in the HMD that are activated by attentional user gaze) notification (the system predicts an appropriate moment for notification and only presents information when the user is a passive cognitive state) highlighting (the system highlights the last read word when the user comes back to the virtual screen),Participant study (Qualitative),12,Usability,Slight majority liked it,Usable Prototype,No info
6,Workload-driven modulation of mixed-reality robot-human communication,2018,"Hirshfield, Leanne; Williams, Tom; Sommer, Natalie; Grant, Trevor; Gursoy, Senem Velipasalar",https://doi.org/10.1145/3279810.3279848,we propose to use brain data acquired fNIRS to measure the neural correlates of cognitive and emotional states ,AR,Misc,None,Work Performance,Cognitive Load/ Workload,Change behavior/medium of communication based on cognitive load,fNIRS,Triage Analysis Task Multi-tasking scenario using a variation of the Multi-Attribute Task Battery (MATB),"52 fNIRS channels oxy/deoxy readings were reshaped into a 3D frame mimicking the spatial layout of the probe ConvLSTM2D, which is built to capture spatiotemporal features Each sequence was labeled with eight mental resource levels (like WM, RI, VSA, etc.), each having a class value of 0, 1, or 2. The fNIRS features (HbO/HbR over time and space) were used to predict these cognitive states",ML-based multilabel classfication,Event,Proposed that data could be used to decide how robot should communicate with person,Descriptive Statistic,10,Effectiveness,"First try at labeling data, seems promising",Subsystem (Alg. level),No info
11,Context-aware online adaptation of mixed reality interfaces,2019,"Lindlbauer, David; Feit, Anna Maria; Hilliges, Otmar",https://doi.org/10.1145/3332165.3347945,"We propose a real-time approach to automate this process based on users’ current cognitive load and knowledge about their task and environment. Our system adapts which applications are displayed, how much informa- tion they show, and where they are placed.",AR,HMD,HTC Vive Pro,Work Performance,Cognitive Load/ Workload,Context-Aware adaptation of interfaces,Eye-tracking (Pupil dilation),"AR holograms, anchored in the environment","Since pupil dilation is confounded with ambient light (cf. [41]), several metrics exist that do not measure absolute size but change in size, such as the propri- etary Index of Cognitive Activity et al. [31, 5], and the Index of Pupillary Activity (IPA) by Duchowski et al. [10], which we use in our work.",Simple IPA thresholds,Task adjustments,"adapts which applications are displayed, how much information they show, and where they are placed","Participant study (Qualitative), Participant study (Quant)",12,"Effectiveness, Usability","less interactions needed; While participants completed the secondary task with significantly fewer interactions using our approach, no difference was present for primary and secondary task completion time.",Usable Prototype,No info
20,Eggly: Designing mobile augmented reality neurofeedback training games for children with autism spectrum disorder,2023,"Lyu, Yue; An, Pengcheng; Xiao, Yage; Zhang, Zibo; Zhang, Huan; Katsuragawa, Keiko; Zhao, Jian",https://doi.org/10.1145/3596251,"To accommodate individual differences in social attention level, Eggly dynamically adjusts the game difficulty for each play.",AR,HHD,No info,Health/ Rehabilitation,Attention,Attention on social interaction,EEG,Neuro-Feedback Training Game (for autistic children),"Proprietary ""AI algorithm quantifying 1250 data points"" to give a singular social attention index",Back-end Server running Python,Task adjustments,Difficulty,"Participant study (Quant), Participant study (Qualitative)",5,"Usability, Effectiveness","Participants liked the system, Care Taking people think it helps the children, both positive",Usable Prototype,No info
25,Enabling real-time collaborative brain-mobile interactive applications on volunteer mobile devices,2015,"Pore, Madhurima; Sadeghi, Koosha; Chakati, Vinaya; Banerjee, Ayan; Gupta, S; K.S., eep",https://doi.org/10.1145/2799650.2799660,that modulates movie frames based on individuals subconscious preferences,AR,HMD,Google Cardboard,"Education, Recreational, Health/ Rehabilitation",Stress,apply filter according to VP nervousness/alertness/stress/arousal,EEG,na,na,"a machine learning algorithm to predict nervousness levels that needs data intensive training operation,",FoV/ Rendering,dynamic blurring of movie frames.,None,,None,,"Subsystem (Alg. level), Proposal",No info
27,Sensing visual attention using an interactive bidirectional HMD,2012,"Schuchert, Tobias; Voth, Sascha; Baumgarten, Judith",https://doi.org/10.1145/2401836.2401852,"The sensing and interaction application has been developed in the European project ARtSENSE1 in order to (1) detect museum visi- tors attention/interest in artworks as well as in presented AR con- tent, (2) present appropriate personalized information based on the detected attention as augmented overlays, and (3) allow museum visitors gaze-based interaction with the system or the AR content.",AR,HMD,Novel prototype,"Education, Recreational",Attention,"""present appropriate personalized information based on the detected attention as augmented overlays""",Eye-tracking (Gaze),Art images,"Common measurements for atten- tion are gaze fixation and saccades, which have been widely used.",?,Information,personalized AR information,None,,None,,Proposal,No info
29,Learning cooperative personalized policies from gaze data,2019,"Gebhardt, Christoph; Hecox, Brian; van Opheusden, Bas; Wigdor, Daniel; Hillis, James; Hilliges, Otmar; Benko, Hrvoje",https://doi.org/10.1145/3332165.3347933,we demonstrate a RL-method that implicitly learns personalized cooperative labeling policies from gaze behavior that support users in a visual search task while fltering unnecessary information.,AR,HMD,HTC Vive,Misc,Attention,we propose a method that learns to label objects according to user intentions by simply observing their gaze interactions with objects and labels. The resulting labeling policies support users by fltering information based on semantic and spatial relevance.,Eye-tracking (Gaze),Visual Search Task,Gaze position and pupil dilation,Reinforcement Learning ,Information,reduce quantity of information (labeling),Participant study (Quant),12,"Usability, Effectiveness","No sign. difference in task performance, participants perceived RL to be signifcantly more supportive, no sign. difference in perceived disruption",Usable Prototype,No info
67,Surveillance-behavior support by a real-time gaze-based tool integrated with augmented reality,2024,"Williot, Alex; re; Lafond, Daniel; Tremblay, Sébastien; Marois, Alex; re",https://doi.org/10.1109/CogSIMA61085.2024.10553855,"The purpose of this study was to examine the impact of a real-time gaze-based tool named Scantracker—which can identify instances of neglect, over-focus and vigilance decrement using eye tracking",AR,HMD,HoloLens 2,Work Performance,Attention,Notify user if neglect detected,Eye-tracking (Gaze),Surveillance task with 7-8 incidents,"fixation, duration, velocity",Gaze time and focus,Guidance/ Notification,Notification,Participant study (Quant),5,Effectiveness,"TLX and Situational Awareness, mixed results",Usable Prototype,No info
111,The Mind-Mirror: See your brain in action in your head using EEG and augmented reality,2014,"Mercier-Ganady, Jonathan; Lotte, Fabien; Loup-Esc; e, Emilie; Marchal, Maud; Lécuyer, Anatole",https://doi.org/10.1109/VR.2014.6802047,"The use of EEG classification techniques enables to test a Neurofeed- back scenario in which the user can train and progressively learn how to control different mental states, such as “concentrated” ver- sus “relaxed”.",AR,Desktop,Novel prototype,Misc,"Relaxation, Attention","Brain is visualized, more blue if relaxed, more red if concentrated",EEG,mirror for the user to see themselves + projected eeg activity on the user's head via AR,Only frequency bands within the theta (4- 7Hz) and alpha (8-14Hz) rhythms range were explored.,OpenViBE software ,Information,Visualized brain has different colors,"Participant study (Qualitative), Participant study (Quant)",12,Effectiveness,Users were able to more easily concentrate and relax,Usable Prototype,No info
120,Towards neuroadaptive augmented reality piano tutorials,2023,"Maitz, Florian; Ribeiro Skreinig, Lucchas; Kalkofen, Denis; Wriessnegger, Selina C.",https://doi.org/10.1109/MetroXRAINE58569.2023.10405829,neuro-adaptive system that combines  an Augmented Reality (AR) piano tutorial with online EEG  measurements,AR,HMD,Meta Quest 2,"Recreational, Education",Cognitive Load/ Workload,Task would change depending on workload,EEG,"N-Back Task, Piano Tutorial","9 frequency bands (4 - 8 Hz, 8 - 12 Hz, ..., 36 - 40 Hz) and 6 spatial filters -> 54 features per epoch",FBCSP algorithm,Task adjustments,Next song would change depending on workload,Participant study (Quant),22,Effectiveness,Mostly inconclusive,Usable Prototype,No info
3,Facial electromyography-based adaptive virtual reality gaming for cognitive training,2020,"Reidy, Lorcan; Chan, Dennis; Nduka, Charles; Gunes, Hatice",https://doi.org/10.1145/3382507.3418845,affect-aware VR cognitive training intervention,VR,HMD,HTC Vive,Health/ Rehabilitation,Emotions/Affect,Affect-aware VR game for cognitive training,Facial recognition/EMG,Working memory and episodic memory tasks with increasing difficulty,"10 features from users’ eyes, 9 from their mouth, 7 from their eyebrows, and 3 from their corrugator supercilii.","Supervised machine learning -> DWT-Haar filtering, temporal feature extraction, feature selection, and kNN classification.",Task adjustments,Adaptive game difficulty,"Participant study (Quant), Participant study (Qualitative), Descriptive Statistic",6,Usability,"1) Classification rates of 64.1% and 76.2%, for valence and arousal. 2) Increased feeling of competence and the decreased feeling of challenge while playing the adaptive version of the game.  3) Positive responses provided for the post-game module of the GEQ (immersion, engagement, and flow)",Usable Prototype,No info
10,"Optimizing visual complexity for physiologically-adaptive VR systems: Evaluating a multimodal dataset using EDA, ECG and EEG features",2024,"Chiossi, Francesco; Ou, Changkun; Mayer, Sven",https://doi.org/10.1145/3656650.3656657,"Here, we investigated a multi- modal dataset (EEG, ECG, and EDA) while interacting with two different adaptive systems adjusting the environmental visual com- plexity based on EDA.",VR,HMD,HTC Vive Pro,Work Performance,Arousal,adapt surrounding visual complexity based on arousal,EDA,"The experimental task employed in this study was adapted from the N-Back task, as described by Chiossi et al. [9]. Persons with different shirt colors were running in a scene",EEG: Theta & Alpha EDA: SCL & SCR ECG: HR & HRV,Rolling Window Approach,Task adjustments,"more/less surrounding visual complexity, not directly of task itself",Participant study (Quant),20,Effectiveness,"EEG and ECG data unconclusive, Considering HP1, our findings indicate that the adaptive systems, specifically designed based on EDA, successfully influenced  the EDA features in response to changes in visual complexity. This  confirms the reliability and effectiveness of the adaptive systems in  manipulating visual complexity by modulating EDA",Usable Prototype,Alg. / Code
14,Machine learning and therapeutic strategies in VR,2020,"Lc, Ray; Fukuoka, Yuka",https://doi.org/10.1145/3359852.3359908,"Thus ML takes in as input layers the stress level sensor data, voice commands, and previous user training and learns a model which predicts the level of desired difficulty to use for speech training, which is adjusted by having different levels of distractors such as number of audience present, noise loudness, and amount of distracting movements. When fully implemented, the ML agent acts as a guide much like the chatbot therapist [6] as she determines user stress levels, previous training, and current speech nervousness patterns, and provides the right scene difficulty level for the systematic desensitization process.",VR,HMD,No info,Health/ Rehabilitation,Stress,?,EDA,Public speaking,galvanic skin response,ML,Task adjustments,adaption of speech training difficulty,"Participant study (Qualitative), Participant study (Quant), Descriptive Statistic",27,Usability,only subjective eval,Usable Prototype,No info
33,Looking confused? – Introducing a VR game design for arousing confusion among players,2022,"Lankes, Michael; Sporn, Maurice; Winkelbauer, Andreas; Stiglbauer, Barbara",https://doi.org/10.1145/3517031.3529614,use the game to create a system that analyzes the players’ gaze behavior and determine whether and when players are confused or already frustrated,VR,Misc,No info,Recreational,Confusion,Assistance/Help/Support,Eye-tracking (Gaze),na,na,,"Guidance/ Notification, Information",,None,-,None,,Proposal,No info
36,Modifying pedagogical agent spatial guidance sequences to respond to eye-tracked student gaze in VR,2022,"Khokhar, Adil; Borst, Christoph",https://doi.org/10.1145/3565970.3567697,"Our novel annotation-driven sequenc- ing system modifies the playing, seeking, rewinding, and pausing of teacher recordings to create appropriate teacher avatar behav- ior based on a viewer’s eye-tracked visual attention.",VR,HMD,HTC Vive Pro,Education,"Attention, Confusion",Annotations,Eye-tracking (Gaze),A teaching scene containing a teacher and a smartphone as alarm system,"eye gaze, but don't specify what exactly",,Guidance/ Notification,,Participant study (Quant),,"Usability, Effectiveness",,Usable Prototype,No info
41,Adapting visual complexity based on electrodermal activity improves working memory performance in virtual reality,2023,"Chiossi, Francesco; Turgut, Yagiz; Welsch, Robin; Mayer, Sven",https://doi.org/10.1145/3604243,our physiologically adaptive system improves task performance and perceived workload,VR,HMD,HTC Vive Pro,Work Performance,Arousal,adapt surrounding visual complexity based on arousal,EDA,n-back task,raw EDA signal -> extract tonic component (SCL),Rolling Window Approach,Task adjustments,"more/less surrounding visual complexity, not directly of task itself","Participant study (Qualitative), Participant study (Quant)",20,Effectiveness,improves task performance and perceived workload,Usable Prototype,Alg. / Code
42,Free of walls: Participatory design of an out-world experience via virtual reality for dementia in-patients,2022,"Matsangidou, Maria; Frangoudes, Fotos; Solomou, Theodoros; Papayianni, Ersi; Pattichis, Constantinos",https://doi.org/10.1145/3511047.3537651,"intelligent system, that adapts the content of the Virtual Reality experience based on physiological data (HR = Arousal states)",VR,HMD,HTC Vive Pro,Health/ Rehabilitation,"Arousal, Stress",adapt surrounding complexity based on arousal,"Heart Rate (HR), Eye-tracking (Gaze)",no specific stimulus to manipulate variables,"only: ""physiological data (i.e., heart rate, and stress level) of the user are analyzed in real-time""",,"Guidance/ Notification, Task adjustments","Greater changes (i.e., removing certain elements from the VE) occur when the user is currently stressed, with his condition not improving significantly. On the other hand, if the user is becoming less agitated, the current environment and elements are maintained with only minor changes occurring.",None,,None,,Proposal,No info
49,RelaWorld: Neuroadaptive and immersive virtual reality meditation system,2016,"Kosunen, Ilkka; Salminen, Mikko; Järvelä, Simo; Ruonala, Antti; Ravaja, Niklas; Jacucci, Giulio",https://doi.org/10.1145/2856767.2856796,We present RelaWorld: a neuroadaptive virtual reality meditation system that combines virtual reality with neurofeedback to provide a tool that is easy for novices to use yet provides added value even for experienced meditators.,VR,HMD,Oculus Rift,Health/ Rehabilitation,"Stress, Relaxation",,EEG,Bubbles in VR that are highlighted,"The theta band (4-6Hz) power has been shown to increase during concentration (including meditative concentration) [1] [27]. Cahn and Polich [6] they concluded that the alpha band (8- 12Hz), especially the lower alpha (8-10Hz), decreases dur- ing concentration and vigilance. Conversely, the alpha is in- creased during relaxation, including meditation. The theta band (4-6Hz),",,Information,,"Participant study (Quant), Participant study (Qualitative)",,"Effectiveness, Usability",,Usable Prototype,No info
53,Towards cognitive load-based decision making in VR training,2023,"Thomay, Christian; Fermitsch, Andreas; Fessler, Johannes; Garatva, Patricia; Gollan, Benedikt; Katharina Lietz, Andrea; Matscheko, Michael; Wagner, Michael",https://doi.org/10.1109/CVR58941.2023.10395602,"We present a methodology to achieve adaptive, cognitive load-based decision making in the context of virtual reality training",VR,HMD,Pico Neo3 Pro Eye,Work Performance,Cognitive Load/ Workload,Trigger of Events,Eye-tracking (Pupil dilation),Medical training,pupil dilation,Threshold,Event,stress events get triggered whenever cognitive load gets smaller as threshold,Participant study (Quant),12,Effectiveness,premilinary,Usable Prototype,No info
65,Emo-regulator: An emotion-regulation training system fusing virtual reality and EEG-based neurofeedback,2023,"Yu, Minchang; Bai, Yicai; Li, Yingjie",https://doi.org/10.1109/EMBC40787.2023.10340975,EEG signals to predict the emotional states (negative or positive),VR,HMD,HTC Vive,Health/ Rehabilitation,Emotions/Affect,,EEG,pos and neg VR scenarios to induce pos and neg emotions,"8 electrodes (F7, F8, T7, T8, C3, C4, O1, and O2) -> Extracting relative power (RP), inter-hemispheric power rational asymmetry (RASM), and differential asymmetry (DASM) indices",Feature extraction,Task adjustments,Change of VR environment,"Participant study (Quant), Participant study (Qualitative)",8,Effectiveness,"higher self esteem, better emotional regulation",Usable Prototype,No info
73,Enable an innovative prolonged exposure therapy of attention deficits on autism spectrum through adaptive virtual environments,2018,"Mei, Chao; Guo, Rongkai",https://doi.org/10.1109/VS-Games.2018.8493421,"The AVET employed VR-exclusive “impossible experiences” (e.g., a chair that deforms upon the user’s gaze, a transparent human) which are not available in real world.",VR,HMD,FOVE 0,Education,Attention,Adding/recomving irrelevant objects,Eye-tracking (Gaze),Lecture scene,?,?,Task adjustments,Adding/recomving irrelevant objects,Participant study (Qualitative),8,"Usability, Effectiveness","The autism therapists confirmed the  therapy is innovative and will have great influence on future  ASD therapy. The students evaluated the attention detection,  which yields to around 72% accuracy.",Usable Prototype,No info
75,Neuroscience and simulation int erface for adaptive assessment in serious games,2011,"Parsons, Thomas D.; Reinebold, James",https://doi.org/10.1109/IGIC.2011.6114953,"We present an iteration of the Virtual Reality Cognitive Performance Test (VRCPAT) that proffers a framework for adapting scenarios in the Virtual Battlespace 2 (VBS2) game engine based upon the user’s neurocognitive (task performance) and psychophysiological (e.g., heart rate, skin response, heart rate, and pupil diameter) states",VR,HMD,No info,Work Performance,"Cognitive Load/ Workload, Arousal",A real-time adaptive virtual environment that is sensitive to cognitive and emotional aspects of user experience  is considered to be the future alternative for devising cognitive assessment and training measures that will have better ecological/predictive validity for real-world performance,"Eye-tracking (Pupil dilation), EDA, Respiration, ECG",military simulation,"interbeat intervals (IBIs) of cardiorespiratory activity, skin conductance response levels (SCLs), spontaneous fluctuations of electrodermal activity (SFs), interbreath interval (IBrI) from respiration data, median pupil radius (EOG) ",,Task adjustments,"This virtual adaptive assessment and rehabilitation system aims to place the injured Military Service member into a state of optimal experience defined as ""flow"" to trigger a broad recovery process. ",None,,None,,"Proposal, Subsystem (Alg. level)",No info
78,Exploration of an EEG-based cognitively adaptive training system in virtual reality,2019,"Dey, Arindam; Chatburn, Alex; Billinghurst, Mark",https://doi.org/10.1109/VR.2019.8797840,Exploration of an EEG-Based Cognitively Adaptive Training System,VR,HMD,HTC Vive,Education,Cognitive Load/ Workload,Adapt task difficulty for optimal learning,EEG,select a target object of given shape and color combination among a set of moving objects,"Oz, O1, O2, Pz, P3, and P4 frequencies between 9 and 13 Hz",Alpha frequency and power measures,Task adjustments,Four factors of the task were adapted (all complexity related),Participant study (Quant),14,Effectiveness,"Increased brain activity when task more demanding, this was interpreted as higher task load",Usable Prototype,No info
79,CAEVR: Biosignals-driven context-aware empathy in virtual reality,2024,"Gupta, Kunal; Zhang, Yuewei; Gunasekaran, Tamil Selvan; Krishna, N; itha; Pai, Yun Suen; Billinghurst, Mark",https://doi.org/10.1109/TVCG.2024.3372130,"In this paper, we investigate the impact of Context-Aware Empathic VR (CAEVR) on the emotional and cognitive aspects of user experience in VR",VR,HMD,HTC Vive,Recreational,Emotions/Affect,Change environment based on emotion,"EEG, Heart Rate (HR), EDA",Photo management scene in VR,"The Neurokit2 package [54] extracted 219 total features from EEG (194), HRV (18), and EDA (7), including time- domain, frequency-domain, and statistical features.  EEG: Alpha, Theta ECG: HRV EDA: ?",ML Emotion prediction model,Event,Different color of VE,"Participant study (Qualitative), Participant study (Quant)",15,Effectiveness,Users emotional experience and empathy could be strengthened ,Usable Prototype,No info
80,Adaptive virtual environments for neuropsychological assessment in serious games,2012,"Parsons, Thomas D.; Reinebold, James L.",https://doi.org/10.1109/TCE.2012.6227413,"We present an iteration of the Virtual Reality for Cognitive Performance and Adaptive Treatment (VRCPAT) that proffers a framework for adapting scenarios in a game engine based upon the user’s neurocognitive (task performance) and psychophysiological (e.g., heart rate,  skin response, heart rate, and pupil diameter) states",VR,HMD,No info,Work Performance,"Cognitive Load/ Workload, Arousal",,"ECG, EDA, Respiration, Eye-tracking (Pupil dilation)","military simulation, stroop task","interbeat intervals (IBIs) of cardiorespiratory activity, skin conductance response levels (SCLs), spontaneous fluctuations of electrodermal activity (SFs), interbreath interval (IBrI) from respiration data, median pupil radius (EOG) ",,Task adjustments,,None,,None,,Usable Prototype,No info
90,Affect-driven VR environment for increasing muscle activity in assisted gait rehabilitation,2024,"Rodriguez, Jafet; del-Valle-Soto, Carolina; Gonzalez-Sanchez, Javier",https://doi.org/10.1109/ACCESS.2024.3412108,"Affect-Driven VR Environment (brain-computer interface tracking his affective states encompassing engagement, boredom, meditation, frustration, and excitement)",VR,HMD,Meta Quest 2,Health/ Rehabilitation,Emotions/Affect,,EEG,no specific stimulus to manipulate variables,analysis provided by Affect-Driven Self-Adaptive System (ADAS) ,?,"Task adjustments, VR environment (stimuli)","music, illumination, visual aid",Participant study (Quant),27,Usability,"The efficiency of the control group was 42.97%; meanwhile, theexperimental group had 54.25%, which is an increase of 26.25%. Also, four two-sample t-tests were performed to compare engagement, excitement, frustration, and subject’s effort time in a control and experimental group during the second and third sessions. For engagement, there was not a significant difference between the control group and the experimental group; in contrast, there was a significant difference for excitement, frustration, and effort time",Usable Prototype,No info
105,A novel neurofeedback attentional enhancement approach based on virtual reality,2022,"Lu, Kai; Yueh, Kang; Hu, Haochen; Guo, Mei; Liu, Yue",https://doi.org/10.1109/EMBC48229.2022.9871019,"In this paper, we propose a novel neurofeedback attentional enhancement approach based on VR.",VR,HMD,HTC Vive Pro,Work Performance,Attention,Task got harder if participant showed less attention,EEG,Identification of spheres by color,Alpha Power,"Alpha power measured, simple threshold",Task adjustments,Spheres that had to be followed became more transparent if attention was low,Participant study (Quant),18,Effectiveness,"Alpha band reduced significantly, task performance improved slightly",Usable Prototype,No info
109,Gaia VR: a virtual reality-based neuro and biofeedback meditation application,2022,"Wang, Szu-Yun; Bang, Hyeon-Seok; Liu, Yiding; Kim, Minjee; Raiti, John",https://doi.org/10.1109/GHTC55712.2022.9910614,"in this study, we proposed a neuro and biofeedback meditation virtual reality application and heart rate band called Gaia VR to make meditation fun, measurable, and personalized",VR,HMD,Meta Quest 2,Health/ Rehabilitation,Stress,Suggestions based on stress levels,"EEG, HRV, Heart Rate (HR)",immersive meditation environment,"PPG data, absolute Alpha wave value (and its percentage in total brainwave values)",Heart rate indicates stress level,Guidance/ Notification,Based on stress (HRV) different mediation methods are recommended that can be controlled via EEG,Participant study (Quant),5,Usability,They only tested the HRV sensor,Usable Prototype,No info
133,The effects of physiologically-adaptive virtual environment on user's sense of presence,2018,"Souza, Vinicius Costa de; Nedel, Luciana; Kopper, Regis; Maciel, Anderson; Tagliaro, Leonardo",https://doi.org/10.1109/SVR.2018.00029,Physiologically-Adaptive Virtual  Environment on User’s Sense of Presence,VR,HMD,Oculus Rift,Misc,Presence,The feeling of presence in the virtual experience,"EDA, Heart Rate (HR)","The arousal stimuli were birds (A), a burglar (B), an alarm (C) and an explosion (D) that occurs near the participant",two electrodes for EDA and three electrodes for HR measurement,defined a threshold for HR (individual base HR + 5bpm) and EDA (base + 2mS) if under threshold trigger events,Event,arousal events in the virtual experience,"Participant study (Quant), Participant study (Qualitative)",27,"Usability, Effectiveness",significantly less HR variation in adaptive treatment compared to no stimuli,Usable Prototype,No info
134,Development of a chakra meditation application of virtual and vibrational realities based on behavioral biometric,2023,"Lin, Chien-Tung; Janaka Rajapakse, R.P.C.",https://doi.org/10.1109/CW58918.2023.00052,"Modulating light, sound, and vibrational frequencies to match chakras during meditation.",VR,HMD,HTC Vive Pro,Health/ Rehabilitation,Relaxation,How relaxed the user is to amplify the displayed totem if relaxed,"EEG, Heart Rate (HR)",Visual totems,"I suspect frequencies, as the authors write ""brain waves"". But otherwise undefined","switch chakra at a certain state of relaxation, amplify totem of current chakra if user performs well","Guidance/ Notification, Task adjustments","next chakra, totem intensity",None,,None,,Usable Prototype,No info
146,A brain-computer interface and augmented reality neurofeedback to treat ADHD: a virtual telekinesis approach - 2020 IEEE international symposium on mixed and augmented reality adjunct (ISMAR-adjunct),2020,"Rajshekar Reddy, G.S.; G.M., Lingaraju",https://doi.org/10.1109/ISMAR-Adjunct51615.2020.00045,,AR,HMD,,Health/ Rehabilitation,Arousal,,EEG,,,Calculates theta beta wave ratio TBR and changes objects accoring to that ratio,VR environment (stimuli),"Inflate/deflate ballon, bend spoon",None,,,,,
152,HeartFortress – an affective VR game adapting to player arousal - 2025 IEEE conference on virtual reality and 3D user interfaces abstracts and workshops (VRW),2025,"Jemioło, Paweł; Kuśmierek, Adrian",https://doi.org/10.1109/VRW66409.2025.00407,,VR,HMD,Meta Quest 3,Recreational,Arousal,Increase flow of user,"EDA, Heart Rate (HR)",,,,"VR environment (stimuli), Task adjustments","Change gameplay settings (amount of enemies, etc.) ",Participant study (Qualitative),10,Effectiveness,(Slightly) promising results,Usable Prototype,No info
153,Adaptive federated learning for personalised affective pain management - 2025 international conference on advanced machine learning and data science (AMLDS),2025,"Bondin, Luca; Dingli, Alexiei",https://doi.org/10.1109/AMLDS63918.2025.11159471,,VR,HMD,,Health/ Rehabilitation,Arousal,Keep flow high to help distract from pain,"HRV, Heart Rate (HR)",,,"time-domain, RMSSD",VR environment (stimuli),No idea what they change in the environment,Participant study (Quant),?,Effectiveness,Seems more effective than passive VR distractions,Usable Prototype,No info
156,AttentionAR: AR adaptation and warning for real-world safety via attention modeling and MLLM reasoning - proceedings of the 38th annual ACM symposium on user interface software and technology,2025,"Pei, Yunqiang; Huang, Renming; Zha, Mingfeng; Wang, Guoqing; Wang, Peng; Kang, Qiao; Yang, Yang; Shen, Heng Tao",https://doi.org/10.1145/3746059.3747674,,AR,HMD,HoloLens 2,Mobility,Attention,"Check attention of user, if focused on AR content, make them aware of dangers","EEG, Eye-tracking (Gaze)",,,BiLSTM and NN,Guidance/ Notification,Warnings ,Descriptive Statistic,,Effectiveness,"A lot of detail, mostly technical evaluation",Usable Prototype,No info
158,Improving interaction comfort in authoring task in AR-HRI through dynamic dual-layer interaction adjustment - proceedings of the 32nd ACM international conference on multimedia,2024,"Pei, Yunqiang; Zhang, Keiyue; Yang, Hongrong; Tao, Yong; Tang, Qihang; Tang, Jialei; Wang, Guoqing; Liu, Zhitao; Xie, Ning; Wang, Peng; Yang, Yang; Shen, Hengtao",https://doi.org/10.1145/3664647.3681364,,AR,HMD,HoloLens 2,Work Performance,Discomfort,Change of interaction method based on discomfort,"Photoplethysmogram (PPG) , Respiration",,,They calculate a Continuous Discomfort Index and adapt based on it,Task adjustments,Different interaction modalities active,Participant study (Quant),31,Effectiveness,"Results mixed, but seems promising",Usable Prototype,No info
162,"User engagement correlates better with behavioral than physiological measures in a virtual reality robotic rehabilitation system - 2024 IEEE international conference on systems, man, and cybernetics (SMC)",2024,"Zhang, Yawen; Wang, Haofei; Shi, Bertram E.",https://doi.org/10.1109/SMC54092.2024.10831286,,VR,HMD,HTC Vive,Health/ Rehabilitation,Engagement,Optimally engage people in rehabilitation,"Respiration, Eye-tracking (Pupil dilation), Eye-tracking (Gaze), Blink rate, Force",,,,Task adjustments,Change complexity and noise based on engagement,Participant study (Quant),12,Effectiveness,Behavioural measurements are better than physiological measurements to evaluate engagement in these tasks.,Usable Prototype,No info
164,AdaptiveCoPilot: Design and testing of a NeuroAdaptive LLM cockpit guidance system in both novice and expert pilots - 2025 IEEE conference virtual reality and 3D user interfaces (VR),2025,"Wen, Shaoyue; Middleton, Michael; Ping, Songming; Chawla, Nayan N.; Wu, Guande; Feest, Bradley S.; Nadri, Chihab; Liu, Yunmei; Kaber, David; Zahabi, Maryam; McMahan, Ryan P.; Castelo, Sonia; McKendrick, Ryan; Qian, Jing; Silva, Cláudio T.",https://doi.org/10.1109/VR59515.2025.00088,,VR,"HMD, Misc",,Work Performance,Cognitive Load/ Workload,Give textual information with context,fNIRS,,,,Guidance/ Notification,"selected modality and the specific instructional load, tailored to the pilot’s current cognitive workload state and task instructions","Participant study (Quant), Participant study (Qualitative)",8 and 5,"Effectiveness, Usability","Better perception, less errors",Usable Prototype,No info
165,Superpowering emotion through multimodal cues in collaborative VR - 2024 IEEE international symposium on mixed and augmented reality (ISMAR),2024,"Jing, Allison; Teo, Theophilus; McDade, Jeremy; Zhang, Chenkai; Wang, Yi; Mitrofan, Andrei; Thareja, Rushil; Shin, Heesook; Lee, Yongho; Gil, Youn-Hee; Billinghurst, Mark; Lee, Gun A.",https://doi.org/10.1109/ISMAR62088.2024.00030,,VR,HMD,Meta Quest Pro,Misc,"Emotions/Affect, Arousal, Stress, Attention","Augment avatar and a ""superpower"" to show emotion","Respiration (GSR), Eye-tracking (Gaze), Heart Rate (HR), Blink rate, Photoplethysmogram (PPG)",,,,VR environment (stimuli),"Textual, audio, and visual cues on/of avatar","Participant study (Qualitative), Participant study (Quant)",28,"Effectiveness, Usability",,Usable Prototype,No info
166,A study on real-time stress detection in virtual reality using a stealth game - 2025 IEEE conference on games (CoG),2025,"Brambilla, Susanna; Moghadam, Sadra Heidary; Ripamonti, Laura; Lanzi, Pier Luca",https://doi.org/10.1109/CoG64752.2025.11114308,,VR,HMD,Meta Quest Pro,Recreational,Stress,Change game elements according to stress as a gamified element,"Eye-tracking (Gaze), Heart Rate (HR)",,,Kalman filter,VR environment (stimuli),Game elements like NPCs,Participant study (Qualitative),21,"Effectiveness, Usability",Immersiveness and innovativeness positive,Usable Prototype,No info
167,"Neurofeedback training system to induce concentration states using virtual reality - 2024 21st international conference on electrical engineering, computing science and automatic control (CCE)",2024,"Palomino-Ortega, Yoltic Uriel; Hernández-Alanis, Marco Antonio; Cervantes, Gabriel Sepúlveda; Ramírez-Morales, Adrián Octavio; Tovar-Corona, Blanca",https://doi.org/10.1109/CCE62852.2024.10770878,,VR,HMD,Meta Quest 2,Recreational,Attention,Progress goes quicker or slower depending on attention,EEG,,,beta/theta ratio,"VR environment (stimuli), Task adjustments",Activities commence in relation to the attention,Participant study (Quant),8,Effectiveness,participants' concentration and cognitive performance increased of multiple sessions,Usable Prototype,No info
168,ZonAware: Identifying zoning out and increasing engagement in upper limb virtual reality rehabilitation,2025,"Liao, Kai-Lun; Huang, Mengjie; Shi, Jiajia; Chen, Min; Yang, Rui",https://doi.org/10.1109/TVCG.2025.3616818,,VR,HMD,HTC Vive Pro,Health/ Rehabilitation,Attention,Pattern changes in task if zoning out is detected,"Eye-tracking (Pupil dilation), Eye-tracking (Gaze), Blink rate",,,"Z-Score, Boxplot-Based, and Modified Z-Score",Task adjustments,Pattern of task changed if attention is lost (zone out),"Participant study (Quant), Participant study (Qualitative)",70 and 22,"Effectiveness, Usability","98.24% detection accuracy with low latency (82–150 ms), reducing zoning out frequency by 53.57% and shortening disengagement duration from 18.1 to 4.8 seconds. The approach also improved user engagement, performance, and emotional motivation",Usable Prototype,No info
169,"In search of lost attention: a BCI-based therapeutical safari tour in VR - 2024 IEEE international conference on metrology for eXtended reality, artificial intelligence and neural engineering (MetroXRAINE)",2024,"Delaux, Alexandre; Gouret, Alix; Carponcy, Julien; Porssut, Thibault; Rouzé, Sébastien; Waszak, Florian; Chokron, Sylvie; Bars, Solène Le",https://doi.org/10.1109/MetroXRAINE62247.2024.10797174,,VR,HMD,Meta Quest 3,Health/ Rehabilitation,Attention,Main game mechanic (taking a photo) only happens if sustained attention is measured,EEG,,,Visually evoked potentials (VEP) are detected,VR environment (stimuli),Photo is taken if attention is sustained,None,,,,,
179,An electroencephalography-based brain–computer interface for emotion regulation with virtual reality neurofeedback,2024,"Li, Kendi; Huang, Weichen; Gao, Wei; Guan, Zijing; Huang, Qiyun; Yu, Jin-Gang; Yu, Zhu Liang; Li, Yuanqing",https://doi.org/10.1109/TCDS.2024.3357547,,VR,Desktop,,Misc,Emotions/Affect,Help participants with emotion regulation,EEG,,,three-class SVM classifier,VR environment (stimuli),Facial emotion of virtual popstar changed according to emotional state of participant,Participant study (Quant),18,Effectiveness,overall accuracy increased,Usable Prototype,No info
185,An EEG-based positive feedback mechanism for VR mindfulness meditation to improve emotion regulation,2025,"Wang, Qing; Liu, Fang; Yang, Baorong; Yang, Zheyuan; Huang, Jingyan; Xu, Yuxin; Zheng, Chengcheng; She, Yingying; Cai, Hanshu; Tian, Fuze",https://doi.org/10.1109/TCSS.2025.3557711,,VR,HMD,,Recreational,Emotions/Affect,Relaxation is measured and depening on it the environment changes and feedback is given,EEG,,,Sliding window approach to calculate a relaxation index,"VR environment (stimuli), Guidance/ Notification","Some form of feedback given, VR elements are changed","Participant study (Quant), Participant study (Qualitative)",36,Effectiveness,resting state on both Fp1 and Fp2 channels before and after the intervention reflected an increase in relaxation by more than 90%,Usable Prototype,No info
186,Measuring the effectiveness of adaptive virtual reality training on learning transfer - 2025 IEEE international conference on advanced learning technologies (ICALT),2025,"Genz, Fabio; D'Amelio, Marco; Kranzlmüller, Dieter",https://doi.org/10.1109/ICALT64023.2025.00012,,VR,HMD,Oculus Rift,Work Performance,Cognitive Load/ Workload,Change task complexity based on workload to improve learning,"Photoplethysmogram (PPG) , EDA",,,,"Task adjustments, VR environment (stimuli)",Changing the amount of tasks to do and visual cues,Participant study (Quant),80,Effectiveness,"Although there are only small differences in the results of both VRT groups, we see a positive trend in the effectiveness of adaptive VRT on learning transfer in our examination",Usable Prototype,Data
189,Perceived empathy in mixed reality: Assessing the impact of empathic agents’ awareness of user physiological states - 2024 IEEE international symposium on mixed and augmented reality (ISMAR),2024,"Chang, Zhuang; Kim, Kangsoo; Gupta, Kunal; Abouelenin, Jamila; Xiao, Zirui; Gu, Boyang; Bai, Huidong; Billinghurst, Mark",https://doi.org/10.1109/ISMAR62088.2024.00055,,VR,HMD,Meta Quest 3,Recreational,Stress,Empathetic interface reacting to change of users state,"Photoplethysmogram (PPG) , EDA",,,Skin Conductance Level (SCL) is calculated,Guidance/ Notification,"Virtual avatar reacts to state of user, mentions stress levels","Participant study (Quant), Participant study (Qualitative)",24,"Effectiveness, Usability",Using physiological sensors to enable EMiRAs to perceive user physiological states helps build perceived empathy in EMiRAs,Usable Prototype,No info
192,Design of a physiologically based feedback loop using biosensors for interactive XR and spatial computing environments - 2024 IEEE 3rd international conference on intelligent reality (ICIR),2024,"Riain, Eoghan Ó; McVeigh, Joseph G.; Fullen, Brona M.; Martin, Denis; Murphy, David",https://doi.org/10.1109/ICIR64558.2024.10976814,,VR,Desktop,,Education,Engagement,Adapt driving task for ideal flow/engagement with the learning task,"Photoplethysmogram (PPG) , Respiration (GSR), EDA",,,"Binary, either high or low engagement measured. FSM switching through tasks",Task adjustments,DIfficulty of driving task changed according to engagement,"Participant study (Quant), Participant study (Qualitative)",23,Effectiveness,the physiology-based DDA mechanism could create higher engagement in the participants,Usable Prototype,No info